chain,city,address,product,price,inStock
Пятёрочка,Москва,ул. Ленина 1,Молоко 1л,89.90,true
Пятёрочка,Москва,ул. Ленина 1,Хлеб белый,45.50,true
Пятёрочка,Москва,ул. Ленина 1,Яйца 10шт,109.00,true
Пятёрочка,Москва,ул. Ленина 1,Гречка 900г,79.90,true
Пятёрочка,Москва,ул. Ленина 1,Сахар 1кг,69.90,false
Магнит,Москва,ул. Мира 5,Молоко 1л,84.90,true
Магнит,Москва,ул. Мира 5,Хлеб белый,49.90,true
Магнит,Москва,ул. Мира 5,Яйца 10шт,99.90,true
Магнит,Москва,ул. Мира 5,Гречка 900г,74.50,true
Магнит,Москва,ул. Мира 5,Сахар 1кг,64.90,true
Чижик,Москва,ул. Победы 10,Молоко 1л,79.90,true
Чижик,Москва,ул. Победы 10,Хлеб белый,42.00,false
Чижик,Москва,ул. Победы 10,Яйца 10шт,94.90,true
Чижик,Москва,ул. Победы 10,Гречка 900г,69.90,true
Чижик,Москва,ул. Победы 10,Сахар 1кг,59.90,true
